<?xml version="1.0" encoding="UTF-8"?>

<!DOCTYPE hibernate-mapping PUBLIC
  "-//Hibernate/Hibernate Mapping DTD 3.0//EN"
  "http://hibernate.sourceforge.net/hibernate-mapping-3.0.dtd">

<hibernate-mapping package="dto" >
 <class name="Employee" table="emp2" >
  <id name="empId" column="emp_id" ><generator class="increment"/></id>
  <property name="empName" column="emp_name" length="10" ></property>
  <property name="dept" length="5"></property>
  <property name="basicSal" column="basic_sal"></property>
  <property name="netSal" column="net_sal"></property>
 </class>
</hibernate-mapping>











