<?xml version="1.0" encoding="UTF-8"?>
<project-private xmlns="http://www.netbeans.org/ns/project-private/1">
    <editor-bookmarks xmlns="http://www.netbeans.org/ns/editor-bookmarks/2" lastBookmarkId="0"/>
    <open-files xmlns="http://www.netbeans.org/ns/projectui-open-files/2">
        <group>
            <file>file:/C:/Users/160840320032/Desktop/AJAVA/ProductionHouse/src/java/p1/AddProduct.java</file>
            <file>file:/C:/Users/160840320032/Desktop/AJAVA/ProductionHouse/web/AddProd.html</file>
            <file>file:/C:/Users/160840320032/Desktop/AJAVA/ProductionHouse/web/index.html</file>
            <file>file:/C:/Users/160840320032/Desktop/AJAVA/ProductionHouse/src/java/p1/ProdList.java</file>
            <file>file:/C:/Users/160840320032/Desktop/AJAVA/ProductionHouse/src/java/p1/ProdListType.java</file>
            <file>file:/C:/Users/160840320032/Desktop/AJAVA/ProductionHouse/src/java/p1/ProdDetails.java</file>
        </group>
    </open-files>
</project-private>
